<?xml version="1.0" encoding="UTF-8"?>
<!DOCTYPE suite SYSTEM "http://testng.org/testng-1.0.dtd">
<suite name="Suite" verbose="5">
  <test name="Test">
    <classes>
	 <class name="teazzers.testcases.TEAZ01_VerifyGrid"/>  
	  <class name="teazzers.testcases.TEAZ02_SearchbyName"/> 
	  <class name="teazzers.testcases.TEAZ03_SearchbyAccNum"/> 
      <class name="teazzers.testcases.TEAZ04_SearchbyTradeName"/>
      <class name="teazzers.testcases.TEAZ05_SearchbyCityName"/>
      <class name="teazzers.testcases.TEAZ06_SearchbyStateName"/>
      <class name="teazzers.testcases.TEAZ07_SearchbyPhoneNum"/>
      <class name="teazzers.testcases.TEAZ08_AddNewParntWitNoOwner"/>
      <class name="teazzers.testcases.TEAZ09_EditParentWitDetails"/>
       <class name="teazzers.testcases.TEAZ10_AddLocation2Parent"/>
     </classes>
  </test> <!-- Test -->
</suite> <!-- Suite -->
